Rank,Model,Model Size (Million Parameters),"Memory Usage (GB, fp32)",Average,AmazonCounterfactualClassification (de),AmazonCounterfactualClassification (ja),AmazonReviewsClassification (de),AmazonReviewsClassification (es),AmazonReviewsClassification (fr),AmazonReviewsClassification (ja),AmazonReviewsClassification (zh),MTOPDomainClassification (de),MTOPDomainClassification (es),MTOPDomainClassification (fr),MTOPDomainClassification (hi),MTOPDomainClassification (th),MTOPIntentClassification (de),MTOPIntentClassification (es),MTOPIntentClassification (fr),MTOPIntentClassification (hi),MTOPIntentClassification (th),MassiveIntentClassification (af),MassiveIntentClassification (am),MassiveIntentClassification (ar),MassiveIntentClassification (az),MassiveIntentClassification (bn),MassiveIntentClassification (cy),MassiveIntentClassification (de),MassiveIntentClassification (el),MassiveIntentClassification (es),MassiveIntentClassification (fa),MassiveIntentClassification (fi),MassiveIntentClassification (fr),MassiveIntentClassification (he),MassiveIntentClassification (hi),MassiveIntentClassification (hu),MassiveIntentClassification (hy),MassiveIntentClassification (id),MassiveIntentClassification (is),MassiveIntentClassification (it),MassiveIntentClassification (ja),MassiveIntentClassification (jv),MassiveIntentClassification (ka),MassiveIntentClassification (km),MassiveIntentClassification (kn),MassiveIntentClassification (ko),MassiveIntentClassification (lv),MassiveIntentClassification (ml),MassiveIntentClassification (mn),MassiveIntentClassification (ms),MassiveIntentClassification (my),MassiveIntentClassification (nl),MassiveIntentClassification (pt),MassiveIntentClassification (ro),MassiveIntentClassification (ru),MassiveIntentClassification (sl),MassiveIntentClassification (sq),MassiveIntentClassification (sw),MassiveIntentClassification (ta),MassiveIntentClassification (te),MassiveIntentClassification (th),MassiveIntentClassification (tl),MassiveIntentClassification (tr),MassiveIntentClassification (ur),MassiveIntentClassification (vi),MassiveIntentClassification (zh-TW),MassiveScenarioClassification (af),MassiveScenarioClassification (am),MassiveScenarioClassification (ar),MassiveScenarioClassification (az),MassiveScenarioClassification (bn),MassiveScenarioClassification (cy),MassiveScenarioClassification (de),MassiveScenarioClassification (el),MassiveScenarioClassification (es),MassiveScenarioClassification (fa),MassiveScenarioClassification (fi),MassiveScenarioClassification (fr),MassiveScenarioClassification (he),MassiveScenarioClassification (hi),MassiveScenarioClassification (hu),MassiveScenarioClassification (hy),MassiveScenarioClassification (id),MassiveScenarioClassification (is),MassiveScenarioClassification (it),MassiveScenarioClassification (ja),MassiveScenarioClassification (jv),MassiveScenarioClassification (ka),MassiveScenarioClassification (km),MassiveScenarioClassification (kn),MassiveScenarioClassification (ko),MassiveScenarioClassification (lv),MassiveScenarioClassification (ml),MassiveScenarioClassification (mn),MassiveScenarioClassification (ms),MassiveScenarioClassification (my),MassiveScenarioClassification (nl),MassiveScenarioClassification (pt),MassiveScenarioClassification (ro),MassiveScenarioClassification (ru),MassiveScenarioClassification (sl),MassiveScenarioClassification (sq),MassiveScenarioClassification (sw),MassiveScenarioClassification (ta),MassiveScenarioClassification (te),MassiveScenarioClassification (th),MassiveScenarioClassification (tl),MassiveScenarioClassification (tr),MassiveScenarioClassification (ur),MassiveScenarioClassification (vi),MassiveScenarioClassification (zh-TW),Subset,Task category
1,"<a target=""_blank"" style=""text-decoration: underline"" href=""https://huggingface.co/intfloat/multilingual-e5-large-instruct"">multilingual-e5-large-instruct</a>",560,2.09,71.36,66.71,76.05,53.0,48.81,48.51,47.71,44.66,92.68,92.27,89.97,90.03,87.56,79.37,80.34,76.72,77.87,77.74,67.66,60.71,63.61,69.0,68.54,63.03,72.47,71.24,72.82,74.25,72.29,73.32,70.22,71.58,71.92,68.07,72.62,65.77,73.45,74.69,63.04,58.91,54.43,66.33,70.59,69.11,69.7,66.44,70.8,64.79,74.43,73.63,71.89,74.16,69.96,69.5,63.01,66.91,67.62,69.51,69.31,72.24,67.5,71.29,69.38,73.34,65.84,69.76,72.02,72.76,68.02,77.68,76.13,76.97,78.1,75.21,77.07,73.53,75.75,77.09,71.08,77.1,71.26,77.08,79.35,68.42,66.16,60.11,71.25,76.46,73.25,74.12,70.02,74.41,68.4,78.52,77.12,75.26,77.71,74.84,74.72,67.92,70.93,72.41,75.18,72.86,76.47,71.89,74.75,75.46,other-cls,Classification
2,"<a target=""_blank"" style=""text-decoration: underline"" href=""https://huggingface.co/Kenknight1999/tungdd7_ft_e5"">tungdd7_ft_e5</a>",560,2.09,67.6,71.22,77.84,45.4,43.07,41.89,40.12,38.83,91.95,92.2,89.0,89.78,88.75,74.53,75.44,70.56,73.12,74.29,62.38,56.07,60.75,64.87,63.97,54.98,69.33,69.09,70.49,69.91,70.12,69.34,67.61,67.8,69.69,62.07,70.05,62.42,70.53,72.51,57.91,51.78,47.02,62.16,69.43,67.08,65.57,61.71,66.04,60.88,70.45,70.73,68.36,71.7,67.09,65.18,58.5,62.69,63.02,68.29,64.77,69.87,64.05,69.38,66.2,68.74,60.59,66.23,66.48,67.75,59.09,74.7,73.9,74.31,72.95,73.12,73.87,71.4,72.13,74.52,64.94,74.12,67.15,74.32,77.47,63.32,58.35,50.88,66.44,75.05,70.5,69.94,64.79,69.88,63.25,74.83,73.49,71.72,75.14,71.87,70.28,63.14,66.28,66.69,73.45,67.71,73.99,68.15,73.11,71.81,other-cls,Classification
3,"<a target=""_blank"" style=""text-decoration: underline"" href=""https://huggingface.co/Kenknight1999/test_ver_2"">test_ver_2</a>",560,2.09,67.6,71.22,77.84,45.4,43.07,41.89,40.12,38.83,91.95,92.2,89.0,89.78,88.75,74.53,75.44,70.56,73.12,74.29,62.38,56.07,60.75,64.87,63.97,54.98,69.33,69.09,70.49,69.91,70.12,69.34,67.61,67.8,69.69,62.07,70.05,62.42,70.53,72.51,57.91,51.78,47.02,62.16,69.43,67.08,65.57,61.71,66.04,60.88,70.45,70.73,68.36,71.7,67.09,65.18,58.5,62.69,63.02,68.29,64.77,69.87,64.05,69.38,66.2,68.74,60.59,66.23,66.48,67.75,59.09,74.7,73.9,74.31,72.95,73.12,73.87,71.4,72.13,74.52,64.94,74.12,67.15,74.32,77.47,63.32,58.35,50.88,66.44,75.05,70.5,69.94,64.79,69.88,63.25,74.83,73.49,71.72,75.14,71.87,70.28,63.14,66.28,66.69,73.45,67.71,73.99,68.15,73.11,71.81,other-cls,Classification
4,"<a target=""_blank"" style=""text-decoration: underline"" href=""https://huggingface.co/intfloat/multilingual-e5-large"">multilingual-e5-large</a>",560,2.09,67.48,71.22,77.84,45.4,43.07,41.91,40.12,38.83,91.95,92.2,86.41,89.78,88.75,74.53,75.44,59.43,73.12,74.29,62.38,56.07,60.75,64.87,63.97,54.98,69.33,69.09,70.49,69.91,70.12,69.34,67.61,67.8,69.69,62.07,70.05,62.42,70.53,72.51,57.91,51.78,47.02,62.16,69.43,67.08,65.57,61.71,66.04,60.88,70.45,70.73,68.36,71.7,67.09,65.18,58.5,62.69,63.02,68.29,64.77,69.87,64.05,69.38,66.2,68.74,60.59,66.23,66.48,67.75,59.09,74.7,73.9,74.31,72.95,73.12,73.87,71.4,72.13,74.52,64.94,74.12,67.15,74.32,77.47,63.32,58.35,50.88,66.44,75.05,70.5,69.94,64.79,69.88,63.25,74.83,73.49,71.72,75.14,71.87,70.28,63.14,66.28,66.69,73.45,67.71,73.99,68.15,73.11,71.81,other-cls,Classification
5,"<a target=""_blank"" style=""text-decoration: underline"" href=""https://huggingface.co/intfloat/e5-mistral-7b-instruct"">e5-mistral-7b-instruct</a>",7111,26.49,66.64,74.05,77.22,53.26,50.33,36.71,48.69,46.24,92.98,93.37,74.8,88.81,85.52,77.77,79.94,53.97,72.91,73.24,66.48,44.29,63.17,64.23,64.94,55.48,74.09,68.31,75.09,72.21,68.74,46.39,66.22,69.45,69.41,56.92,72.71,59.91,75.25,76.36,57.92,52.55,46.45,53.96,74.21,59.23,51.45,51.38,69.85,49.15,74.83,75.27,69.63,76.63,67.15,58.84,57.37,53.15,51.51,66.91,68.73,72.07,62.09,71.17,71.14,73.37,47.21,69.84,67.0,68.05,61.88,79.03,72.97,78.84,76.74,71.22,53.86,69.64,73.51,74.06,59.55,77.41,66.58,78.39,79.62,64.29,57.52,52.42,58.55,78.89,63.5,54.03,54.24,75.53,52.19,78.48,77.96,73.19,80.52,73.66,64.03,64.66,57.76,57.27,72.46,73.71,75.04,67.05,75.52,76.87,other-cls,Classification
6,"<a target=""_blank"" style=""text-decoration: underline"" href=""https://huggingface.co/intfloat/multilingual-e5-base"">multilingual-e5-base</a>",278,1.04,64.32,71.72,73.33,41.83,40.53,40.94,37.44,37.23,89.63,90.59,84.79,87.32,86.24,71.23,71.27,55.51,69.24,71.71,59.98,53.66,57.46,62.59,61.13,50.06,66.09,64.68,68.4,67.25,65.78,67.95,62.05,64.95,64.97,60.08,66.64,56.39,68.93,68.94,54.26,48.99,44.69,59.19,66.34,60.34,63.09,58.76,62.48,58.56,67.3,68.98,65.54,69.02,62.35,61.23,56.0,58.71,59.72,65.6,60.86,67.41,61.52,66.17,64.65,65.09,58.52,62.24,63.75,65.0,52.84,71.95,70.18,71.5,70.25,69.13,71.89,67.44,69.16,70.75,63.14,70.7,60.94,72.32,74.65,59.69,54.37,48.31,62.15,72.45,62.81,68.04,61.44,66.9,61.64,72.11,70.83,69.19,72.99,65.26,66.49,59.89,62.38,62.59,71.61,62.74,71.67,64.64,70.01,70.69,other-cls,Classification
7,"<a target=""_blank"" style=""text-decoration: underline"" href=""https://huggingface.co/facebook/SONAR"">SONAR</a>",,,63.11,72.02,71.79,34.61,35.17,34.91,31.84,31.91,89.54,90.62,86.19,89.42,85.9,73.43,73.84,66.75,69.14,68.47,58.15,57.91,57.23,57.17,62.24,51.19,61.31,64.21,63.97,66.67,62.86,58.55,63.45,61.32,62.91,60.03,63.29,56.02,64.44,63.7,52.0,54.09,43.34,57.87,62.69,56.24,62.81,58.49,61.56,59.4,64.56,63.49,62.53,62.63,63.43,61.45,56.25,59.75,59.61,59.42,58.12,60.91,59.49,60.48,56.73,64.06,63.24,63.69,60.86,67.17,56.52,67.48,70.23,69.08,72.1,67.16,63.02,68.83,66.9,69.33,65.82,68.98,63.14,70.04,70.68,59.79,61.03,49.05,63.78,69.6,59.97,69.2,62.72,67.87,64.98,69.8,67.5,67.53,67.96,69.57,68.48,63.18,64.85,65.39,67.99,63.4,65.77,65.81,66.52,63.3,other-cls,Classification
8,"<a target=""_blank"" style=""text-decoration: underline"" href=""https://huggingface.co/intfloat/multilingual-e5-small"">multilingual-e5-small</a>",118,0.44,61.63,71.65,64.19,40.25,40.39,39.68,37.68,37.5,87.47,89.27,81.2,86.02,85.35,65.86,67.97,46.01,66.3,67.52,57.07,51.96,54.43,59.8,59.38,46.56,62.73,61.6,66.31,65.54,61.46,65.47,58.05,64.07,60.95,57.4,64.17,52.26,65.54,68.23,50.85,48.45,42.83,57.51,63.79,54.99,61.9,57.1,58.99,55.9,65.64,66.85,60.81,65.76,56.52,57.99,53.57,57.26,57.83,64.07,58.91,63.54,59.28,64.07,62.54,63.04,56.84,59.62,60.85,62.77,50.18,69.19,67.07,69.83,68.71,65.95,68.76,63.81,67.69,66.47,59.5,67.92,56.49,69.04,73.89,56.63,52.24,46.62,59.16,69.85,56.66,66.54,59.31,64.88,58.86,70.87,68.18,64.65,69.48,60.18,62.86,58.15,59.44,60.85,70.66,60.88,68.05,62.11,67.44,68.32,other-cls,Classification
9,"<a target=""_blank"" style=""text-decoration: underline"" href=""https://huggingface.co/sentence-transformers/LaBSE"">LaBSE</a>",471,1.75,60.56,73.17,76.42,39.92,39.39,38.52,36.44,36.45,86.95,84.07,84.14,85.11,81.24,63.42,64.44,62.01,62.58,64.61,56.12,55.71,50.86,58.97,58.22,50.16,56.21,57.03,58.32,62.33,60.12,60.47,56.55,59.4,59.52,56.2,61.12,54.9,59.83,63.11,50.98,48.35,48.55,56.24,60.99,57.1,57.91,58.5,58.6,57.35,59.37,60.16,57.92,60.67,59.37,58.03,51.62,55.04,58.32,56.58,55.28,60.91,56.7,56.67,59.51,63.39,62.02,57.72,63.48,61.84,56.13,62.39,64.58,63.61,67.46,64.58,65.1,63.53,64.4,65.82,61.25,65.84,61.94,64.09,67.72,58.29,53.38,56.18,61.74,67.26,61.87,62.26,62.6,65.63,62.94,65.16,63.28,62.41,65.25,64.25,64.54,58.36,59.08,64.13,64.34,60.23,65.43,61.52,61.05,67.08,other-cls,Classification
10,"<a target=""_blank"" style=""text-decoration: underline"" href=""https://huggingface.co/amazon/Titan-text-embeddings-v2"">Titan-text-embeddings-v2</a>",,,54.73,70.94,80.06,38.83,39.39,39.47,35.9,36.07,86.91,87.74,86.22,82.92,69.9,63.26,65.06,59.43,59.08,43.75,47.6,31.57,52.63,50.09,46.54,44.26,61.87,47.02,62.54,55.19,48.43,64.27,57.62,57.54,45.67,39.2,55.0,43.14,61.0,64.29,43.69,38.35,34.22,51.79,59.59,46.54,54.47,40.68,51.24,31.76,60.82,62.74,49.68,60.85,48.59,47.17,45.97,53.6,53.45,46.17,49.48,58.03,39.26,52.16,58.21,58.07,38.21,57.47,54.37,52.72,49.5,71.28,52.42,67.04,60.17,54.05,69.76,62.85,62.18,53.52,45.95,60.33,50.1,66.49,68.36,50.59,42.76,40.65,57.25,63.84,53.14,58.84,44.82,58.9,38.52,67.54,65.7,57.2,65.42,55.15,55.68,52.3,56.19,58.02,52.56,57.43,61.55,47.11,56.83,64.02,other-cls,Classification
11,"<a target=""_blank"" style=""text-decoration: underline"" href=""https://huggingface.co/bigscience/sgpt-bloom-7b1-msmarco"">sgpt-bloom-7b1-msmarco</a>",7068,26.33,54.35,61.35,58.23,29.7,35.97,35.92,27.64,32.63,82.05,93.55,90.98,89.33,60.49,61.92,74.49,69.12,64.85,49.36,47.85,33.3,59.25,45.24,61.59,44.92,56.1,46.13,66.35,51.2,45.33,66.95,43.18,63.54,44.73,38.13,64.06,44.35,60.77,61.22,50.94,33.84,37.34,53.54,53.36,46.5,58.27,40.28,59.65,37.42,52.09,66.69,50.53,58.32,47.74,48.94,49.81,56.4,54.71,44.43,50.21,46.56,56.75,64.53,62.89,51.47,34.87,65.21,45.58,67.3,46.29,61.74,48.96,73.34,53.17,44.69,72.91,43.1,69.27,45.16,38.73,70.13,44.21,65.57,65.76,54.79,32.99,39.34,60.5,55.69,44.35,65.53,38.72,64.99,36.84,56.32,71.46,53.69,61.6,48.04,50.06,54.22,62.77,62.59,45.18,52.06,47.21,64.26,70.61,70.3,other-cls,Classification
12,"<a target=""_blank"" style=""text-decoration: underline"" href=""https://huggingface.co/shibing624/text2vec-base-multilingual"">text2vec-base-multilingual</a>",118,0.44,53.59,68.69,61.61,33.39,34.82,33.45,30.05,32.52,78.59,79.24,76.17,78.75,77.67,55.29,58.68,53.26,59.62,58.8,45.42,37.68,45.02,48.71,43.79,28.76,51.56,56.47,58.28,59.05,57.36,58.8,51.18,57.06,58.36,52.11,58.27,35.81,58.28,60.78,31.15,44.5,40.99,46.96,54.73,54.87,47.89,52.23,54.28,51.96,59.45,59.84,57.04,58.02,56.36,56.48,33.96,44.29,47.14,56.86,35.36,59.63,52.79,54.65,57.47,50.86,41.18,50.08,51.29,46.53,34.35,56.4,61.8,62.21,62.44,61.1,63.39,56.29,60.63,63.29,54.88,61.99,38.58,62.35,65.17,36.13,50.27,44.24,47.37,58.89,56.51,50.06,55.05,59.77,55.72,63.38,62.41,60.68,62.31,61.43,62.23,38.52,47.0,51.02,63.23,38.72,64.49,56.8,57.06,63.37,other-cls,Classification
13,"<a target=""_blank"" style=""text-decoration: underline"" href=""https://huggingface.co/izhx/udever-bloom-1b1"">udever-bloom-1b1</a>",,,50.6,66.03,58.77,30.45,40.8,35.12,32.07,38.12,74.64,92.07,69.24,88.54,55.63,53.4,71.33,51.25,66.73,42.13,44.98,25.35,57.08,39.11,61.37,42.97,50.93,40.09,63.81,49.06,42.58,43.21,37.15,62.89,41.62,32.98,62.11,41.04,55.83,58.83,49.31,26.43,28.77,52.33,46.93,44.26,57.75,33.31,55.7,27.39,48.34,64.74,48.41,52.99,44.77,45.45,46.46,55.46,51.41,39.2,48.53,39.51,54.72,62.01,62.56,50.47,27.22,65.43,40.74,67.65,43.94,56.67,41.81,71.78,49.96,41.01,49.78,36.69,69.28,44.31,33.64,68.98,42.1,60.27,62.48,54.68,27.22,32.14,57.95,47.95,42.76,62.84,33.21,62.57,28.84,52.85,70.24,52.73,54.26,46.89,47.16,51.2,61.84,59.79,41.62,50.47,43.41,60.15,68.99,71.7,other-cls,Classification
14,"<a target=""_blank"" style=""text-decoration: underline"" href=""https://huggingface.co/izhx/udever-bloom-560m"">udever-bloom-560m</a>",,,46.37,66.42,56.86,26.85,38.97,26.85,28.31,35.7,68.42,88.21,34.99,84.23,53.17,49.17,65.72,15.76,61.88,41.67,43.29,23.21,53.38,39.56,56.74,40.0,45.82,37.87,61.17,45.65,40.28,15.09,32.23,59.46,40.91,29.94,59.14,39.62,51.77,53.75,46.29,25.11,27.22,47.97,40.54,43.14,53.69,33.37,51.94,25.32,44.03,61.74,45.73,47.61,42.83,43.61,45.55,51.24,47.43,36.88,45.93,38.59,51.85,58.72,59.95,47.42,24.71,62.09,39.25,63.37,39.17,50.71,39.47,68.31,45.65,38.95,21.67,32.13,65.57,42.97,32.13,65.11,40.84,54.55,57.15,49.3,25.86,31.18,53.01,40.25,41.88,59.08,33.34,57.45,27.2,48.42,66.41,50.08,49.94,43.43,44.08,49.53,56.79,54.01,38.58,48.07,40.65,57.75,65.83,69.64,other-cls,Classification
15,"<a target=""_blank"" style=""text-decoration: underline"" href=""https://huggingface.co/sentence-transformers/distiluse-base-multilingual-cased-v2"">distiluse-base-multilingual-cased-v2</a>",135,0.5,44.78,68.14,65.39,35.03,36.24,35.7,31.08,33.89,86.19,87.75,84.61,76.41,73.62,59.21,57.21,53.41,45.54,47.73,40.02,2.35,43.14,25.6,4.84,15.43,51.57,49.65,56.57,55.36,45.72,57.02,46.74,48.55,50.65,40.79,56.0,16.08,57.65,55.33,28.16,29.41,4.79,3.37,49.97,44.31,3.24,40.37,47.97,38.48,58.29,58.63,50.63,57.96,50.66,50.25,19.29,3.79,3.36,45.28,28.44,50.47,46.03,45.25,54.96,53.67,7.72,52.19,34.75,10.65,21.24,61.4,60.68,64.61,59.24,54.66,65.2,54.74,55.99,61.2,49.63,65.25,22.6,64.63,62.32,35.77,39.08,9.24,8.28,57.6,51.72,8.25,47.21,55.65,43.31,67.49,64.26,58.03,65.41,59.36,62.69,25.12,8.67,7.82,54.65,36.09,60.89,54.71,55.15,62.89,other-cls,Classification
16,"<a target=""_blank"" style=""text-decoration: underline"" href=""https://github.com/facebookresearch/LASER"">LASER2</a>",43,0.16,42.45,67.82,68.76,31.07,32.72,31.12,28.94,30.89,74.08,73.47,72.26,72.95,72.68,51.62,52.75,50.12,45.55,50.07,38.01,12.7,37.16,19.98,42.51,17.33,44.79,46.71,45.44,45.01,45.94,46.13,42.55,40.2,42.77,28.07,45.81,39.86,48.25,45.3,24.3,22.7,22.48,4.32,44.26,39.75,41.33,16.2,43.23,25.37,45.0,48.55,44.3,44.29,44.72,46.12,31.89,29.63,36.03,43.39,29.73,43.93,26.11,44.33,32.93,47.1,17.7,45.21,28.21,50.52,22.58,54.34,55.47,52.77,52.5,52.63,54.32,52.41,47.37,53.43,33.57,54.38,49.78,54.84,54.12,32.71,26.92,27.23,10.06,52.01,44.82,49.1,21.51,53.6,29.72,53.33,53.41,50.48,51.84,51.29,55.65,42.04,36.72,42.08,52.15,37.34,52.56,32.6,50.97,42.32,other-cls,Classification
17,"<a target=""_blank"" style=""text-decoration: underline"" href=""https://huggingface.co/Muennighoff/SGPT-125M-weightedmean-msmarco-specb-bitfit"">SGPT-125M-weightedmean-msmarco-specb-bitfit</a>",138,0.51,37.64,56.88,54.65,24.79,26.64,26.39,22.08,24.27,62.73,67.55,65.35,45.37,55.28,49.56,49.94,46.33,32.21,43.63,40.55,24.18,30.13,35.88,29.17,41.79,42.07,36.25,42.68,35.59,40.04,43.44,31.59,27.04,38.45,27.98,43.97,40.3,45.47,45.61,38.67,25.65,28.3,23.48,36.56,41.85,24.91,29.86,42.42,25.13,43.62,45.21,41.81,35.97,40.61,42.76,41.12,24.6,25.04,35.4,41.19,36.41,25.93,38.8,42.31,43.25,25.3,32.07,36.68,29.57,42.1,43.21,36.5,44.08,32.61,40.36,45.07,32.18,26.9,40.38,28.38,44.36,39.29,46.47,46.26,41.13,24.73,29.74,23.85,36.57,40.93,25.53,29.11,43.79,27.27,45.36,45.9,44.12,32.76,40.5,42.52,43.0,28.33,26.59,36.79,42.57,37.09,28.84,37.36,44.42,other-cls,Classification
18,"<a target=""_blank"" style=""text-decoration: underline"" href=""https://huggingface.co/Muennighoff/SGPT-125M-weightedmean-nli-bitfit"">SGPT-125M-weightedmean-nli-bitfit</a>",138,0.51,36.66,59.08,56.42,24.52,29.1,27.4,21.72,23.98,60.37,67.37,63.13,47.05,52.28,45.07,48.81,44.34,34.2,43.11,37.79,23.72,29.64,39.48,26.55,38.78,40.39,37.29,41.18,36.42,38.76,43.67,31.98,28.04,38.14,26.05,41.16,38.63,44.04,46.21,37.61,24.47,26.24,17.83,37.27,40.93,17.89,32.98,40.91,17.83,41.76,44.54,39.97,37.46,38.29,40.95,38.33,19.03,19.38,34.09,40.29,38.86,27.83,38.71,42.32,40.25,25.69,32.4,40.53,27.23,38.7,41.36,38.44,44.18,34.83,40.56,45.92,32.08,28.37,39.49,25.9,40.96,38.56,46.59,46.25,39.66,25.28,28.97,19.27,35.73,39.57,19.9,32.43,42.32,20.86,43.59,46.31,42.53,35.95,38.69,40.47,39.55,22.88,20.51,34.93,40.75,39.07,29.75,38.02,45.18,other-cls,Classification
19,"<a target=""_blank"" style=""text-decoration: underline"" href=""https://huggingface.co/sentence-transformers/all-MiniLM-L12-v2"">all-MiniLM-L12-v2</a>",33,0.12,31.93,57.1,59.91,25.91,27.63,27.54,23.57,22.99,72.04,72.99,75.59,40.36,17.1,43.41,41.88,38.94,17.75,5.63,38.94,2.45,20.94,34.25,13.67,35.71,44.17,28.7,40.91,23.52,39.27,44.82,23.65,17.98,38.0,8.69,39.66,35.14,43.17,30.94,36.69,9.17,4.99,3.08,19.97,38.61,2.85,23.25,36.21,4.38,41.85,45.12,41.71,26.33,38.52,41.62,35.28,13.1,2.56,10.54,38.56,35.9,16.18,37.38,22.39,45.71,7.41,27.62,39.58,18.98,41.4,52.07,35.51,50.74,29.0,45.8,53.76,25.68,23.02,44.09,14.83,44.35,43.08,51.71,36.75,44.57,14.84,9.75,8.32,25.72,42.75,7.25,29.03,44.65,10.07,49.15,53.0,49.97,28.75,42.26,49.14,43.18,19.38,7.74,18.32,48.31,41.79,24.46,40.94,31.16,other-cls,Classification
20,"<a target=""_blank"" style=""text-decoration: underline"" href=""https://huggingface.co/sentence-transformers/gtr-t5-xl"">gtr-t5-xl</a>",1240,4.62,30.51,59.79,50.59,35.06,37.18,35.48,22.24,21.89,85.42,88.2,85.05,21.74,15.87,55.75,57.73,51.07,3.19,5.55,42.6,2.12,4.64,35.05,2.84,36.19,55.49,10.14,56.72,3.54,37.13,57.67,2.56,3.24,34.22,3.01,46.54,34.77,54.13,4.27,36.97,2.72,5.35,3.17,2.64,36.32,3.18,22.85,42.87,4.04,49.53,57.03,49.95,36.58,39.44,41.78,35.85,2.32,2.2,3.74,43.12,35.24,3.0,30.01,3.35,52.54,6.3,11.96,40.17,8.29,42.24,68.09,16.66,64.32,6.9,43.96,66.72,7.51,7.82,42.16,9.33,53.54,42.84,62.44,7.29,43.13,7.63,9.08,8.1,6.35,40.24,7.65,27.98,52.41,9.21,60.35,62.78,59.62,43.44,44.79,50.84,44.63,7.95,7.5,8.79,53.54,42.47,9.58,34.68,8.77,other-cls,Classification
21,"<a target=""_blank"" style=""text-decoration: underline"" href=""https://huggingface.co/sentence-transformers/sentence-t5-xl"">sentence-t5-xl</a>",1240,4.62,29.6,67.01,45.61,44.05,45.01,43.52,22.23,21.88,83.28,85.32,85.14,20.85,15.62,54.65,57.38,54.39,3.28,5.08,40.17,2.18,4.18,30.02,2.6,29.15,57.43,9.96,57.97,3.6,34.02,60.99,2.51,3.02,31.66,3.32,41.53,30.25,56.57,3.5,31.67,2.79,5.43,2.79,2.67,34.25,2.98,20.99,37.43,4.02,50.51,57.95,49.37,33.46,36.33,37.65,30.6,1.79,2.26,4.02,38.92,32.05,2.7,21.47,3.24,50.81,6.95,12.32,38.79,8.0,33.91,65.33,16.89,62.52,6.08,43.34,66.42,7.55,7.44,40.85,9.25,51.92,40.09,62.94,7.9,41.33,7.76,9.19,8.36,6.13,40.7,6.98,27.0,46.9,9.55,59.65,62.18,58.22,40.73,43.66,49.25,40.55,7.46,7.03,8.52,51.74,43.01,9.61,28.91,7.14,other-cls,Classification
22,"<a target=""_blank"" style=""text-decoration: underline"" href=""https://huggingface.co/sentence-transformers/gtr-t5-large"">gtr-t5-large</a>",168,0.63,28.9,59.38,45.87,33.06,34.0,33.48,21.78,21.83,81.91,84.7,82.48,22.11,16.36,52.13,52.62,46.39,3.9,5.38,41.02,2.34,4.87,34.92,2.52,35.87,51.48,10.0,53.3,3.59,37.35,54.83,2.52,2.88,33.52,3.13,40.11,34.77,51.21,4.75,35.6,2.71,5.48,2.44,2.59,38.15,2.67,18.47,35.58,4.35,45.96,52.27,46.39,16.82,37.3,41.73,35.97,1.52,2.57,3.94,41.03,33.75,2.57,25.23,4.64,51.48,7.74,12.03,41.77,8.07,43.67,63.63,16.83,61.48,6.48,43.54,64.06,8.03,7.5,42.59,9.22,48.67,43.87,59.83,5.62,42.18,7.52,9.55,8.34,6.11,43.35,7.28,23.94,45.18,9.33,57.02,59.45,56.8,25.85,42.51,50.41,43.02,7.21,6.9,8.7,51.76,42.54,9.32,31.51,8.16,other-cls,Classification
23,"<a target=""_blank"" style=""text-decoration: underline"" href=""https://huggingface.co/sentence-transformers/sentence-t5-large"">sentence-t5-large</a>",168,0.63,28.26,67.97,45.72,43.16,42.89,41.48,22.49,22.12,80.56,80.78,79.6,21.22,15.82,52.5,52.07,47.73,3.74,4.96,38.41,2.49,4.7,31.77,2.77,31.69,52.01,9.74,54.1,3.86,34.07,57.01,2.14,2.97,32.01,3.17,34.55,32.0,52.94,2.9,32.42,2.71,5.5,2.41,2.57,35.09,2.95,18.33,29.69,3.99,44.95,51.96,43.83,17.32,33.71,37.62,31.9,1.91,2.54,3.85,36.83,33.0,2.62,22.81,3.49,50.28,7.15,12.12,39.68,8.06,38.01,62.71,17.19,59.56,6.5,41.72,63.6,7.93,7.85,41.37,9.42,44.88,40.86,60.09,6.56,40.18,7.37,9.56,8.4,5.96,41.44,7.47,25.36,39.69,9.68,56.09,57.99,56.0,27.47,41.04,49.38,40.62,7.59,7.07,8.52,49.89,43.08,9.31,27.46,7.24,other-cls,Classification
24,"<a target=""_blank"" style=""text-decoration: underline"" href=""https://huggingface.co/sentence-transformers/sentence-t5-base"">sentence-t5-base</a>",110,0.41,26.73,69.98,46.05,37.9,37.33,37.35,22.29,21.53,76.98,73.61,75.03,21.4,16.21,44.43,42.03,43.85,3.8,5.21,34.32,2.38,4.53,31.76,2.58,28.94,45.23,10.05,45.32,3.58,33.52,51.13,2.63,2.68,32.31,3.33,35.5,29.82,45.59,3.67,31.15,2.77,5.66,2.59,2.34,33.97,2.55,14.7,33.12,4.42,37.96,43.35,42.69,14.82,34.54,38.54,32.14,1.41,2.5,3.71,36.04,33.77,2.99,22.62,4.63,44.45,7.51,12.32,38.41,8.45,35.04,59.12,17.68,55.61,6.86,41.34,59.92,7.86,7.63,41.31,9.23,44.64,39.63,54.58,4.96,40.73,7.51,8.73,7.99,6.03,36.42,6.96,19.85,43.18,9.46,50.0,52.24,53.7,20.69,39.79,50.16,40.48,7.47,6.87,8.26,48.94,41.83,9.77,30.01,7.91,other-cls,Classification
25,"<a target=""_blank"" style=""text-decoration: underline"" href=""https://huggingface.co/sentence-transformers/allenai-specter"">allenai-specter</a>",110,0.41,24.49,54.46,43.87,24.08,23.88,23.31,20.25,20.49,48.55,58.39,54.61,21.22,14.98,35.55,36.72,34.71,4.44,4.67,33.68,2.94,10.04,30.74,3.02,33.94,36.06,27.7,35.6,17.97,35.53,38.41,2.69,3.43,34.05,3.11,40.02,32.63,39.28,4.95,34.95,2.57,4.73,3.54,2.68,37.91,2.88,16.94,36.6,3.96,33.95,43.05,36.2,25.3,35.9,36.6,34.81,3.11,2.53,4.38,35.51,32.02,9.61,37.07,4.79,36.17,7.64,15.26,30.73,7.15,34.73,38.62,27.18,39.44,21.43,33.21,40.26,7.42,8.06,34.54,8.61,40.04,33.57,40.1,9.96,36.11,7.13,9.66,7.55,7.27,37.03,7.22,21.53,37.57,9.54,34.62,44.68,37.29,28.16,37.95,37.82,35.37,7.19,7.29,9.47,37.31,34.57,16.17,35.91,10.19,other-cls,Classification
26,"<a target=""_blank"" style=""text-decoration: underline"" href=""https://docs.mistral.ai/guides/embeddings"">mistral-embed</a>",,,,,,,,41.59,,,,,90.05,,,,,66.09,,,,,,,,,,,,,,62.83,,,,,,,,,,,,,,,,,,,,,,,,,,,,,,,,,,,,,,,,,,,,,69.71,,,,,,,,,,,,,,,,,,,,,,,,,,,,,,,,,,other-cls,Classification
27,"<a target=""_blank"" style=""text-decoration: underline"" href=""https://docs.voyageai.com/embeddings/"">voyage-2</a>",,,,,,,,37.26,,,,,79.79,,,,,45.62,,,,,,,,,,,,,,53.7,,,,,,,,,,,,,,,,,,,,,,,,,,,,,,,,,,,,,,,,,,,,,62.46,,,,,,,,,,,,,,,,,,,,,,,,,,,,,,,,,,other-cls,Classification
28,"<a target=""_blank"" style=""text-decoration: underline"" href=""https://docs.voyageai.com/embeddings/"">voyage-code-2</a>",,,,,,,,42.15,,,,,87.68,,,,,59.44,,,,,,,,,,,,,,63.08,,,,,,,,,,,,,,,,,,,,,,,,,,,,,,,,,,,,,,,,,,,,,70.15,,,,,,,,,,,,,,,,,,,,,,,,,,,,,,,,,,other-cls,Classification
29,"<a target=""_blank"" style=""text-decoration: underline"" href=""https://docs.voyageai.com/embeddings/"">voyage-law-2</a>",,,,,,,,41.98,,,,,90.12,,,,,62.44,,,,,,,,,,,,,,66.94,,,,,,,,,,,,,,,,,,,,,,,,,,,,,,,,,,,,,,,,,,,,,72.78,,,,,,,,,,,,,,,,,,,,,,,,,,,,,,,,,,other-cls,Classification
30,"<a target=""_blank"" style=""text-decoration: underline"" href=""https://help.aliyun.com/zh/open-search/vector-search-edition/hybrid-retrieval"">OpenSearch-text-hybrid</a>",,,,,,,,,,46.18,,,,,,,,,,,,,,,,,,,,,,,,,,,,,,,,,,,,,,,,,,,,,,,,,,,,,,,,,,,,,,,,,,,,,,,,,,,,,,,,,,,,,,,,,,,,,,,,,,,,,other-cls,Classification
31,"<a target=""_blank"" style=""text-decoration: underline"" href=""https://huggingface.co/Alibaba-NLP/gte-Qwen1.5-7B-instruct"">gte-Qwen1.5-7B-instruct</a>",7099,26.45,,,,,,,,52.95,,,,,,,,,,,,,,,,,,,,,,,,,,,,,,,,,,,,,,,,,,,,,,,,,,,,,,,,,,,,,,,,,,,,,,,,,,,,,,,,,,,,,,,,,,,,,,,,,,,,,other-cls,Classification
32,"<a target=""_blank"" style=""text-decoration: underline"" href=""https://huggingface.co/BAAI/bge-base-zh-v1.5"">bge-base-zh-v1.5</a>",102,0.38,,,,,,,,40.15,,,,,,,,,,,,,,,,,,,,,,,,,,,,,,,,,,,,,,,,,,,,,,,,,,,,,,,,,,,,,,,,,,,,,,,,,,,,,,,,,,,,,,,,,,,,,,,,,,,,,other-cls,Classification
33,"<a target=""_blank"" style=""text-decoration: underline"" href=""https://huggingface.co/BAAI/bge-large-zh-noinstruct"">bge-large-zh-noinstruct</a>",326,1.21,,,,,,,,41.94,,,,,,,,,,,,,,,,,,,,,,,,,,,,,,,,,,,,,,,,,,,,,,,,,,,,,,,,,,,,,,,,,,,,,,,,,,,,,,,,,,,,,,,,,,,,,,,,,,,,,other-cls,Classification
34,"<a target=""_blank"" style=""text-decoration: underline"" href=""https://huggingface.co/BAAI/bge-large-zh-v1.5"">bge-large-zh-v1.5</a>",326,1.21,,,,,,,,41.38,,,,,,,,,,,,,,,,,,,,,,,,,,,,,,,,,,,,,,,,,,,,,,,,,,,,,,,,,,,,,,,,,,,,,,,,,,,,,,,,,,,,,,,,,,,,,,,,,,,,,other-cls,Classification
35,"<a target=""_blank"" style=""text-decoration: underline"" href=""https://huggingface.co/BAAI/bge-small-zh-v1.5"">bge-small-zh-v1.5</a>",24,0.09,,,,,,,,35.91,,,,,,,,,,,,,,,,,,,,,,,,,,,,,,,,,,,,,,,,,,,,,,,,,,,,,,,,,,,,,,,,,,,,,,,,,,,,,,,,,,,,,,,,,,,,,,,,,,,,,other-cls,Classification
36,"<a target=""_blank"" style=""text-decoration: underline"" href=""https://huggingface.co/ClayAtlas/winberta-base"">winberta-base</a>",,,,54.11,53.95,,,,,39.68,57.22,58.4,54.97,64.17,70.47,32.18,33.9,26.69,38.27,42.73,33.5,19.56,26.46,31.58,27.99,28.26,34.2,26.02,36.37,48.91,30.11,37.53,24.86,39.14,31.97,31.36,37.04,28.61,37.86,47.9,29.08,25.77,23.66,21.27,40.42,30.13,25.89,27.71,33.04,24.19,39.31,40.26,35.42,39.69,31.09,35.15,27.91,28.12,26.34,48.24,32.73,30.21,30.28,40.45,64.03,43.53,25.3,34.91,36.37,39.2,32.18,43.92,35.03,41.96,58.36,33.95,45.32,34.06,48.77,39.92,38.09,45.08,36.55,44.38,57.02,35.51,33.41,30.9,26.83,49.52,34.02,34.55,34.14,42.71,31.0,51.44,45.9,45.01,48.66,38.34,44.78,36.02,37.81,34.6,57.38,39.36,36.16,36.43,47.04,71.96,other-cls,Classification
37,"<a target=""_blank"" style=""text-decoration: underline"" href=""https://huggingface.co/ClayAtlas/winberta-large"">winberta-large</a>",,,,,,,,,,42.04,,,,,,,,,,,25.8,3.34,6.49,24.77,4.3,26.39,28.09,19.24,30.62,7.21,27.21,32.64,2.66,4.59,25.65,4.86,29.81,23.53,34.47,39.4,28.75,4.34,6.1,4.46,14.16,29.86,3.69,7.86,28.05,6.98,32.92,33.53,31.32,11.27,27.94,32.9,29.4,3.33,3.46,12.98,30.73,23.57,4.98,21.89,65.53,31.55,7.49,15.0,29.13,9.24,29.72,34.68,28.83,35.97,11.12,28.61,40.66,9.01,9.92,32.07,8.44,34.9,30.95,41.06,48.73,35.09,9.29,11.19,10.1,19.2,32.49,6.37,13.08,39.18,12.25,38.17,40.01,39.25,16.71,33.94,40.4,37.14,8.21,7.97,21.56,36.7,28.8,10.46,27.72,71.52,other-cls,Classification
38,"<a target=""_blank"" style=""text-decoration: underline"" href=""https://huggingface.co/ClayAtlas/windberta-large"">windberta-large</a>",,,,,,,,,,43.32,,,,,,,,,,,28.81,3.04,6.75,27.0,3.24,31.18,30.65,18.17,32.53,8.72,31.79,33.16,3.03,3.61,30.47,5.35,32.45,30.12,36.32,41.09,30.42,3.79,6.79,3.86,8.82,30.23,2.93,12.61,30.66,5.85,34.1,36.92,33.01,10.4,30.73,36.98,31.62,3.19,2.59,4.61,32.55,26.87,4.23,29.24,65.49,35.41,9.05,14.92,31.97,9.15,37.45,38.33,24.45,37.73,11.84,34.49,40.92,7.64,8.64,37.25,10.91,36.11,37.8,41.68,48.38,35.2,9.9,12.75,10.31,14.52,33.08,7.44,17.98,37.93,11.73,40.37,41.83,40.63,18.96,35.3,41.96,38.88,8.51,7.35,10.1,35.91,32.08,10.37,33.91,71.0,other-cls,Classification
39,"<a target=""_blank"" style=""text-decoration: underline"" href=""https://huggingface.co/Cohere/Cohere-embed-multilingual-light-v3.0"">Cohere-embed-multilingual-light-v3.0</a>",,,,,,,,38.6,,,,,80.79,,,,,50.01,,,,,,,,,,,,,,56.31,,,,,,,,,,,,,,,,,,,,,,,,,,,,,,,,,,,,,,,,,,,,,59.5,,,,,,,,,,,,,,,,,,,,,,,,,,,,,,,,,,other-cls,Classification
40,"<a target=""_blank"" style=""text-decoration: underline"" href=""https://huggingface.co/Cohere/Cohere-embed-multilingual-v3.0"">Cohere-embed-multilingual-v3.0</a>",,,,,,,,41.89,,,,,86.23,,,,,61.07,,,,,,,,,,,,,,62.94,,,,,,,,,,,,,,,,,,,,,,,,,,,,,,,,,,,,,,,,,,,,,67.29,,,,,,,,,,,,,,,,,,,,,,,,,,,,,,,,,,other-cls,Classification
41,"<a target=""_blank"" style=""text-decoration: underline"" href=""https://huggingface.co/DMetaSoul/Dmeta-embedding-zh"">Dmeta-embedding-zh</a>",103,0.38,,,,,,,,44.93,,,,,,,,,,,,,,,,,,,,,,,,,,,,,,,,,,,,,,,,,,,,,,,,,,,,,,,,,,,,,,,,,,,,,,,,,,,,,,,,,,,,,,,,,,,,,,,,,,,,,other-cls,Classification
42,"<a target=""_blank"" style=""text-decoration: underline"" href=""https://huggingface.co/DMetaSoul/Dmeta-embedding-zh-small"">Dmeta-embedding-zh-small</a>",74,0.28,,,,,,,,44.88,,,,,,,,,,,,,,,,,,,,,,,,,,,,,,,,,,,,,,,,,,,,,,,,,,,,,,,,,,,,,,,,,,,,,,,,,,,,,,,,,,,,,,,,,,,,,,,,,,,,,other-cls,Classification
43,"<a target=""_blank"" style=""text-decoration: underline"" href=""https://huggingface.co/DMetaSoul/sbert-chinese-general-v1"">sbert-chinese-general-v1</a>",102,0.38,,,,,,,,37.51,,,,,,,,,,,,,,,,,,,,,,,,,,,,,,,,,,,,,,,,,,,,,,,,,,,,,,,,,,,,,,,,,,,,,,,,,,,,,,,,,,,,,,,,,,,,,,,,,,,,,other-cls,Classification
44,"<a target=""_blank"" style=""text-decoration: underline"" href=""https://huggingface.co/EdwardBurgin/paraphrase-multilingual-mpnet-base-v2"">paraphrase-multilingual-mpnet-base-v2</a>",,,,,,,,,,38.25,,,,,,,,,,,,,,,,,,,,,,,,,,,,,,,,,,,,,,,,,,,,,,,,,,,,,,,,,,,,,,,,,,,,,,,,,,,,,,,,,,,,,,,,,,,,,,,,,,,,,other-cls,Classification
45,"<a target=""_blank"" style=""text-decoration: underline"" href=""https://huggingface.co/Erin/IYun-large-zh"">IYun-large-zh</a>",,,,,,,,,,48.54,,,,,,,,,,,,,,,,,,,,,,,,,,,,,,,,,,,,,,,,,,,,,,,,,,,,,,,,,,,,,,,,,,,,,,,,,,,,,,,,,,,,,,,,,,,,,,,,,,,,,other-cls,Classification
46,"<a target=""_blank"" style=""text-decoration: underline"" href=""https://huggingface.co/Erin/mist-zh"">mist-zh</a>",51,0.19,,,,,,,,39.32,,,,,,,,,,,,,,,,,,,,,,,,,,,,,,,,,,,,,,,,,,,,,,,,,,,,,,,,,,,,,,,,,,,,,,,,,,,,,,,,,,,,,,,,,,,,,,,,,,,,,other-cls,Classification
47,"<a target=""_blank"" style=""text-decoration: underline"" href=""https://huggingface.co/GanymedeNil/text2vec-large-chinese"">text2vec-large-chinese</a>",326,1.21,,,,,,,,33.77,,,,,,,,,,,,,,,,,,,,,,,,,,,,,,,,,,,,,,,,,,,,,,,,,,,,,,,,,,,,,,,,,,,,,,,,,,,,,,,,,,,,,,,,,,,,,,,,,,,,,other-cls,Classification
48,"<a target=""_blank"" style=""text-decoration: underline"" href=""https://huggingface.co/Geotrend/bert-base-10lang-cased"">bert-base-10lang-cased</a>",138,0.51,,,,,,29.38,,,,,63.65,,,,,37.87,,,,,,,,,,,,,,37.28,,,,,,,,,,,,,,,,,,,,,,,,,,,,,,,,,,,,,,,,,,,,,44.5,,,,,,,,,,,,,,,,,,,,,,,,,,,,,,,,,,other-cls,Classification
49,"<a target=""_blank"" style=""text-decoration: underline"" href=""https://huggingface.co/Geotrend/bert-base-15lang-cased"">bert-base-15lang-cased</a>",138,0.51,,,,,,29.35,,,,,63.7,,,,,37.85,,,,,,,,,,,,,,37.28,,,,,,,,,,,,,,,,,,,,,,,,,,,,,,,,,,,,,,,,,,,,,44.47,,,,,,,,,,,,,,,,,,,,,,,,,,,,,,,,,,other-cls,Classification
50,"<a target=""_blank"" style=""text-decoration: underline"" href=""https://huggingface.co/Geotrend/bert-base-25lang-cased"">bert-base-25lang-cased</a>",138,0.51,,,,,,29.39,,,,,63.63,,,,,37.86,,,,,,,,,,,,,,37.3,,,,,,,,,,,,,,,,,,,,,,,,,,,,,,,,,,,,,,,,,,,,,44.47,,,,,,,,,,,,,,,,,,,,,,,,,,,,,,,,,,other-cls,Classification
51,"<a target=""_blank"" style=""text-decoration: underline"" href=""https://huggingface.co/Muennighoff/SGPT-5.8B-weightedmean-nli-bitfit"">SGPT-5.8B-weightedmean-nli-bitfit</a>",5874,21.88,,66.64,58.06,35.29,38.34,37.84,30.94,33.75,84.54,86.46,81.32,58.23,72.29,60.52,64.32,58.67,41.96,55.28,,,,,,,,,,,,,,,,,,,,,,,,,,,,,,,,,,,,,,,,,,,,,,,,,,,,,,,,,,,,,,,,,,,,,,,,,,,,,,,,,,,,,,,,,,,other-cls,Classification
52,"<a target=""_blank"" style=""text-decoration: underline"" href=""https://huggingface.co/OrdalieTech/Solon-embeddings-large-0.1"">Solon-embeddings-large-0.1</a>",560,2.09,,,,,,42.08,,,,,89.26,,,,,68.55,,,,,,,,,,,,,,67.4,,,,,,,,,,,,,,,,,,,,,,,,,,,,,,,,,,,,,,,,,,,,,71.29,,,,,,,,,,,,,,,,,,,,,,,,,,,,,,,,,,other-cls,Classification
53,"<a target=""_blank"" style=""text-decoration: underline"" href=""https://huggingface.co/Pristinenlp/alime-embedding-large-zh"">alime-embedding-large-zh</a>",326,1.21,,,,,,,,46.95,,,,,,,,,,,,,,,,,,,,,,,,,,,,,,,,,,,,,,,,,,,,,,,,,,,,,,,,,,,,,,,,,,,,,,,,,,,,,,,,,,,,,,,,,,,,,,,,,,,,,other-cls,Classification
54,"<a target=""_blank"" style=""text-decoration: underline"" href=""https://huggingface.co/Wissam42/sentence-croissant-llm-base"">sentence-croissant-llm-base</a>",1280,4.77,,,,,,34.79,,,,,85.52,,,,,63.12,,,,,,,,,,,,,,59.41,,,,,,,,,,,,,,,,,,,,,,,,,,,,,,,,,,,,,,,,,,,,,65.29,,,,,,,,,,,,,,,,,,,,,,,,,,,,,,,,,,other-cls,Classification
55,"<a target=""_blank"" style=""text-decoration: underline"" href=""https://huggingface.co/amu/tao"">tao</a>",163,0.61,,,,,,,,40.81,,,,,,,,,,,,,,,,,,,,,,,,,,,,,,,,,,,,,,,,,,,,,,,,,,,,,,,,,,,,,,,,,,,,,,,,,,,,,,,,,,,,,,,,,,,,,,,,,,,,,other-cls,Classification
56,"<a target=""_blank"" style=""text-decoration: underline"" href=""https://huggingface.co/amu/tao-8k"">tao-8k</a>",167,0.62,,,,,,,,40.8,,,,,,,,,,,,,,,,,,,,,,,,,,,,,,,,,,,,,,,,,,,,,,,,,,,,,,,,,,,,,,,,,,,,,,,,,,,,,,,,,,,,,,,,,,,,,,,,,,,,,other-cls,Classification
57,"<a target=""_blank"" style=""text-decoration: underline"" href=""https://huggingface.co/aspire/acge_text_embedding"">acge_text_embedding</a>",326,1.21,,,,,,,,48.54,,,,,,,,,,,,,,,,,,,,,,,,,,,,,,,,,,,,,,,,,,,,,,,,,,,,,,,,,,,,,,,,,,,,,,,,,,,,,,,,,,,,,,,,,,,,,,,,,,,,,other-cls,Classification
58,"<a target=""_blank"" style=""text-decoration: underline"" href=""https://huggingface.co/bigscience-data/sgpt-bloom-1b7-nli"">sgpt-bloom-1b7-nli</a>",1722,6.42,,,,,,39.29,,37.63,,,83.8,,,,,63.36,,,,,,,,,,,,,,64.58,,,,,,,,,,,,,,,,,,,,,,,,,,,,,,,,,,,,,,,,,,,,,69.6,,,,,,,,,,,,,,,,,,,,,,,,,,,,,,,,,,other-cls,Classification
59,"<a target=""_blank"" style=""text-decoration: underline"" href=""https://huggingface.co/dangvantuan/sentence-camembert-base"">sentence-camembert-base</a>",110,0.41,,,,,,36.03,,,,,77.1,,,,,43.44,,,,,,,,,,,,,,51.59,,,,,,,,,,,,,,,,,,,,,,,,,,,,,,,,,,,,,,,,,,,,,61.28,,,,,,,,,,,,,,,,,,,,,,,,,,,,,,,,,,other-cls,Classification
60,"<a target=""_blank"" style=""text-decoration: underline"" href=""https://huggingface.co/dangvantuan/sentence-camembert-large"">sentence-camembert-large</a>",337,1.26,,,,,,37.97,,,,,85.74,,,,,58.62,,,,,,,,,,,,,,62.65,,,,,,,,,,,,,,,,,,,,,,,,,,,,,,,,,,,,,,,,,,,,,69.29,,,,,,,,,,,,,,,,,,,,,,,,,,,,,,,,,,other-cls,Classification
61,"<a target=""_blank"" style=""text-decoration: underline"" href=""https://huggingface.co/flaubert/flaubert_base_cased"">flaubert_base_cased</a>",138,0.51,,,,,,24.9,,,,,25.55,,,,,9.49,,,,,,,,,,,,,,6.98,,,,,,,,,,,,,,,,,,,,,,,,,,,,,,,,,,,,,,,,,,,,,11.41,,,,,,,,,,,,,,,,,,,,,,,,,,,,,,,,,,other-cls,Classification
62,"<a target=""_blank"" style=""text-decoration: underline"" href=""https://huggingface.co/flaubert/flaubert_base_uncased"">flaubert_base_uncased</a>",138,0.51,,,,,,23.52,,,,,27.74,,,,,8.61,,,,,,,,,,,,,,6.24,,,,,,,,,,,,,,,,,,,,,,,,,,,,,,,,,,,,,,,,,,,,,10.98,,,,,,,,,,,,,,,,,,,,,,,,,,,,,,,,,,other-cls,Classification
63,"<a target=""_blank"" style=""text-decoration: underline"" href=""https://huggingface.co/flaubert/flaubert_large_cased"">flaubert_large_cased</a>",372,1.39,,,,,,22.45,,,,,24.27,,,,,9.79,,,,,,,,,,,,,,16.41,,,,,,,,,,,,,,,,,,,,,,,,,,,,,,,,,,,,,,,,,,,,,22.72,,,,,,,,,,,,,,,,,,,,,,,,,,,,,,,,,,other-cls,Classification
64,"<a target=""_blank"" style=""text-decoration: underline"" href=""https://huggingface.co/google-bert/bert-base-multilingual-cased"">bert-base-multilingual-cased</a>",179,0.67,,,,,,29.39,,,,,63.61,,,,,37.84,,,,,,,,,,,,,,37.3,,,,,,,,,,,,,,,,,,,,,,,,,,,,,,,,,,,,,,,,,,,,,44.47,,,,,,,,,,,,,,,,,,,,,,,,,,,,,,,,,,other-cls,Classification
65,"<a target=""_blank"" style=""text-decoration: underline"" href=""https://huggingface.co/google-bert/bert-base-multilingual-uncased"">bert-base-multilingual-uncased</a>",168,0.63,,,,,,29.02,,,,,64.49,,,,,39.4,,,,,,,,,,,,,,38.01,,,,,,,,,,,,,,,,,,,,,,,,,,,,,,,,,,,,,,,,,,,,,43.63,,,,,,,,,,,,,,,,,,,,,,,,,,,,,,,,,,other-cls,Classification
66,"<a target=""_blank"" style=""text-decoration: underline"" href=""https://huggingface.co/infgrad/stella-base-zh"">stella-base-zh</a>",51,0.19,,,,,,,,40.25,,,,,,,,,,,,,,,,,,,,,,,,,,,,,,,,,,,,,,,,,,,,,,,,,,,,,,,,,,,,,,,,,,,,,,,,,,,,,,,,,,,,,,,,,,,,,,,,,,,,,other-cls,Classification
67,"<a target=""_blank"" style=""text-decoration: underline"" href=""https://huggingface.co/infgrad/stella-base-zh-v2"">stella-base-zh-v2</a>",51,0.19,,,,,,,,39.64,,,,,,,,,,,,,,,,,,,,,,,,,,,,,,,,,,,,,,,,,,,,,,,,,,,,,,,,,,,,,,,,,,,,,,,,,,,,,,,,,,,,,,,,,,,,,,,,,,,,,other-cls,Classification
68,"<a target=""_blank"" style=""text-decoration: underline"" href=""https://huggingface.co/infgrad/stella-base-zh-v3-1792d"">stella-base-zh-v3-1792d</a>",102,0.38,,,,,,,,46.34,,,,,,,,,,,,,,,,,,,,,,,,,,,,,,,,,,,,,,,,,,,,,,,,,,,,,,,,,,,,,,,,,,,,,,,,,,,,,,,,,,,,,,,,,,,,,,,,,,,,,other-cls,Classification
69,"<a target=""_blank"" style=""text-decoration: underline"" href=""https://huggingface.co/infgrad/stella-large-zh"">stella-large-zh</a>",163,0.61,,,,,,,,40.57,,,,,,,,,,,,,,,,,,,,,,,,,,,,,,,,,,,,,,,,,,,,,,,,,,,,,,,,,,,,,,,,,,,,,,,,,,,,,,,,,,,,,,,,,,,,,,,,,,,,,other-cls,Classification
70,"<a target=""_blank"" style=""text-decoration: underline"" href=""https://huggingface.co/infgrad/stella-large-zh-v2"">stella-large-zh-v2</a>",163,0.61,,,,,,,,40.82,,,,,,,,,,,,,,,,,,,,,,,,,,,,,,,,,,,,,,,,,,,,,,,,,,,,,,,,,,,,,,,,,,,,,,,,,,,,,,,,,,,,,,,,,,,,,,,,,,,,,other-cls,Classification
71,"<a target=""_blank"" style=""text-decoration: underline"" href=""https://huggingface.co/infgrad/stella-large-zh-v3-1792d"">stella-large-zh-v3-1792d</a>",325,1.21,,,,,,,,46.32,,,,,,,,,,,,,,,,,,,,,,,,,,,,,,,,,,,,,,,,,,,,,,,,,,,,,,,,,,,,,,,,,,,,,,,,,,,,,,,,,,,,,,,,,,,,,,,,,,,,,other-cls,Classification
72,"<a target=""_blank"" style=""text-decoration: underline"" href=""https://huggingface.co/infgrad/stella-mrl-large-zh-v3.5-1792d"">stella-mrl-large-zh-v3.5-1792d</a>",326,1.21,,,,,,,,46.59,,,,,,,,,,,,,,,,,,,,,,,,,,,,,,,,,,,,,,,,,,,,,,,,,,,,,,,,,,,,,,,,,,,,,,,,,,,,,,,,,,,,,,,,,,,,,,,,,,,,,other-cls,Classification
73,"<a target=""_blank"" style=""text-decoration: underline"" href=""https://huggingface.co/jinaai/jina-embeddings-v2-base-de"">jina-embeddings-v2-base-de</a>",161,0.6,,68.92,,37.72,,,,,88.37,,,,,63.83,,,,,,,,,,,63.89,,,,,,,,,,,,,,,,,,,,,,,,,,,,,,,,,,,,,,,,,,,,,71.25,,,,,,,,,,,,,,,,,,,,,,,,,,,,,,,,,,,,,,,other-cls,Classification
74,"<a target=""_blank"" style=""text-decoration: underline"" href=""https://huggingface.co/jinaai/jina-embeddings-v2-base-es"">jina-embeddings-v2-base-es</a>",161,0.6,,,,,38.68,,,,,89.89,,,,,68.76,,,,,,,,,,,,66.93,,,,,,,,,,,,,,,,,,,,,,,,,,,,,,,,,,,,,,,,,,,,,71.23,,,,,,,,,,,,,,,,,,,,,,,,,,,,,,,,,,,,,other-cls,Classification
75,"<a target=""_blank"" style=""text-decoration: underline"" href=""https://huggingface.co/jinaai/jina-embeddings-v2-base-zh"">jina-embeddings-v2-base-zh</a>",161,0.6,,,,,,,,34.94,,,,,,,,,,,,,,,,,,,,,,,,,,,,,,,,,,,,,,,,,,,,,,,,,,,,,,,,,,,,,,,,,,,,,,,,,,,,,,,,,,,,,,,,,,,,,,,,,,,,,other-cls,Classification
76,"<a target=""_blank"" style=""text-decoration: underline"" href=""https://huggingface.co/lier007/xiaobu-embedding"">xiaobu-embedding</a>",326,1.21,,,,,,,,46.72,,,,,,,,,,,,,,,,,,,,,,,,,,,,,,,,,,,,,,,,,,,,,,,,,,,,,,,,,,,,,,,,,,,,,,,,,,,,,,,,,,,,,,,,,,,,,,,,,,,,,other-cls,Classification
77,"<a target=""_blank"" style=""text-decoration: underline"" href=""https://huggingface.co/liujiarik/lim_base_zh"">lim_base_zh</a>",102,0.38,,,,,,,,46.67,,,,,,,,,,,,,,,,,,,,,,,,,,,,,,,,,,,,,,,,,,,,,,,,,,,,,,,,,,,,,,,,,,,,,,,,,,,,,,,,,,,,,,,,,,,,,,,,,,,,,other-cls,Classification
78,"<a target=""_blank"" style=""text-decoration: underline"" href=""https://huggingface.co/manu/bge-m3-custom-fr"">bge-m3-custom-fr</a>",568,2.12,,,,,,42.33,,,,,90.39,,,,,60.88,,,,,,,,,,,,,,66.7,,,,,,,,,,,,,,,,,,,,,,,,,,,,,,,,,,,,,,,,,,,,,74.58,,,,,,,,,,,,,,,,,,,,,,,,,,,,,,,,,,other-cls,Classification
79,"<a target=""_blank"" style=""text-decoration: underline"" href=""https://huggingface.co/manu/sentence_croissant_alpha_v0.1"">sentence_croissant_alpha_v0.1</a>",1280,4.77,,,,,,36.62,,,,,88.7,,,,,67.69,,,,,,,,,,,,,,65.86,,,,,,,,,,,,,,,,,,,,,,,,,,,,,,,,,,,,,,,,,,,,,71.6,,,,,,,,,,,,,,,,,,,,,,,,,,,,,,,,,,other-cls,Classification
80,"<a target=""_blank"" style=""text-decoration: underline"" href=""https://huggingface.co/manu/sentence_croissant_alpha_v0.2"">sentence_croissant_alpha_v0.2</a>",1280,4.77,,,,,,36.48,,,,,88.96,,,,,67.76,,,,,,,,,,,,,,66.3,,,,,,,,,,,,,,,,,,,,,,,,,,,,,,,,,,,,,,,,,,,,,71.7,,,,,,,,,,,,,,,,,,,,,,,,,,,,,,,,,,other-cls,Classification
81,"<a target=""_blank"" style=""text-decoration: underline"" href=""https://huggingface.co/manu/sentence_croissant_alpha_v0.3"">sentence_croissant_alpha_v0.3</a>",1280,4.77,,,,,,35.11,,,,,88.52,,,,,65.93,,,,,,,,,,,,,,66.48,,,,,,,,,,,,,,,,,,,,,,,,,,,,,,,,,,,,,,,,,,,,,71.47,,,,,,,,,,,,,,,,,,,,,,,,,,,,,,,,,,other-cls,Classification
82,"<a target=""_blank"" style=""text-decoration: underline"" href=""https://huggingface.co/manu/sentence_croissant_alpha_v0.4"">sentence_croissant_alpha_v0.4</a>",1280,4.77,,,,,,34.62,,,,,86.97,,,,,62.59,,,,,,,,,,,,,,65.67,,,,,,,,,,,,,,,,,,,,,,,,,,,,,,,,,,,,,,,,,,,,,71.61,,,,,,,,,,,,,,,,,,,,,,,,,,,,,,,,,,other-cls,Classification
83,"<a target=""_blank"" style=""text-decoration: underline"" href=""https://huggingface.co/moka-ai/m3e-base"">m3e-base</a>",102,0.38,,,,,,,,43.02,,,,,,,,,,,,,,,,,,,,,,,,,,,,,,,,,,,,,,,,,,,,,,,,,,,,,,,,,,,,,,,,,,,,,,,,,,,,,,,,,,,,,,,,,,,,,,,,,,,,,other-cls,Classification
84,"<a target=""_blank"" style=""text-decoration: underline"" href=""https://huggingface.co/moka-ai/m3e-large"">m3e-large</a>",102,0.38,,,,,,,,44.44,,,,,,,,,,,,,,,,,,,,,,,,,,,,,,,,,,,,,,,,,,,,,,,,,,,,,,,,,,,,,,,,,,,,,,,,,,,,,,,,,,,,,,,,,,,,,,,,,,,,,other-cls,Classification
85,"<a target=""_blank"" style=""text-decoration: underline"" href=""https://huggingface.co/neofung/m3e-ernie-xbase-zh"">m3e-ernie-xbase-zh</a>",,,,,,,,,,47.79,,,,,,,,,,,,,,,,,,,,,,,,,,,,,,,,,,,,,,,,,,,,,,,,,,,,,,,,,,,,,,,,,,,,,,,,,,,,,,,,,,,,,,,,,,,,,,,,,,,,,other-cls,Classification
86,"<a target=""_blank"" style=""text-decoration: underline"" href=""https://huggingface.co/nickprock/mmarco-bert-base-italian-uncased"">mmarco-bert-base-italian-uncased</a>",110,0.41,,,,,,,,,,,,,,,,,,,,,,,,,,,,,,,,,,,,,55.06,,,,,,,,,,,,,,,,,,,,,,,,,,,,,,,,,,,,,,,,,,,,,63.04,,,,,,,,,,,,,,,,,,,,,,,,,,,other-cls,Classification
87,"<a target=""_blank"" style=""text-decoration: underline"" href=""https://huggingface.co/nickprock/mmarco-sentence-flare-it"">mmarco-sentence-flare-it</a>",17,0.06,,,,,,,,,,,,,,,,,,,,,,,,,,,,,,,,,,,,,22.3,,,,,,,,,,,,,,,,,,,,,,,,,,,,,,,,,,,,,,,,,,,,,27.41,,,,,,,,,,,,,,,,,,,,,,,,,,,other-cls,Classification
88,"<a target=""_blank"" style=""text-decoration: underline"" href=""https://huggingface.co/nickprock/stsbm-sentence-flare-it"">stsbm-sentence-flare-it</a>",17,0.06,,,,,,,,,,,,,,,,,,,,,,,,,,,,,,,,,,,,,38.88,,,,,,,,,,,,,,,,,,,,,,,,,,,,,,,,,,,,,,,,,,,,,43.3,,,,,,,,,,,,,,,,,,,,,,,,,,,other-cls,Classification
89,"<a target=""_blank"" style=""text-decoration: underline"" href=""https://huggingface.co/sensenova/piccolo-base-zh"">piccolo-base-zh</a>",51,0.19,,,,,,,,40.24,,,,,,,,,,,,,,,,,,,,,,,,,,,,,,,,,,,,,,,,,,,,,,,,,,,,,,,,,,,,,,,,,,,,,,,,,,,,,,,,,,,,,,,,,,,,,,,,,,,,,other-cls,Classification
90,"<a target=""_blank"" style=""text-decoration: underline"" href=""https://huggingface.co/sensenova/piccolo-large-zh"">piccolo-large-zh</a>",163,0.61,,,,,,,,40.33,,,,,,,,,,,,,,,,,,,,,,,,,,,,,,,,,,,,,,,,,,,,,,,,,,,,,,,,,,,,,,,,,,,,,,,,,,,,,,,,,,,,,,,,,,,,,,,,,,,,,other-cls,Classification
91,"<a target=""_blank"" style=""text-decoration: underline"" href=""https://huggingface.co/sensenova/piccolo-large-zh-v2"">piccolo-large-zh-v2</a>",,,,,,,,,,49.44,,,,,,,,,,,,,,,,,,,,,,,,,,,,,,,,,,,,,,,,,,,,,,,,,,,,,,,,,,,,,,,,,,,,,,,,,,,,,,,,,,,,,,,,,,,,,,,,,,,,,other-cls,Classification
92,"<a target=""_blank"" style=""text-decoration: underline"" href=""https://huggingface.co/sentence-transformers/multi-qa-MiniLM-L6-cos-v1"">multi-qa-MiniLM-L6-cos-v1</a>",23,0.09,,,,,,27.05,,,,,72.97,,,,,37.18,,,,,,,,,,,,,,42.64,,,,,,,,,,,,,,,,,,,,,,,,,,,,,,,,,,,,,,,,,,,,,49.92,,,,,,,,,,,,,,,,,,,,,,,,,,,,,,,,,,other-cls,Classification
93,"<a target=""_blank"" style=""text-decoration: underline"" href=""https://huggingface.co/sentence-transformers/paraphrase-multilingual-MiniLM-L12-v2"">paraphrase-multilingual-MiniLM-L12-v2</a>",118,0.44,,68.35,63.45,35.91,37.49,35.3,33.24,35.26,79.2,83.04,78.63,81.36,79.99,54.23,60.28,54.05,59.9,61.96,,,,,,,,,,,,57.52,,,,,,,,,,,,,,,,,,,,,,,,,,,,,,,,,,,,,,,,,,,,,64.52,,,,,,,,,,,,,,,,,,,,,,,,,,,,,,,,,,other-cls,Classification
94,"<a target=""_blank"" style=""text-decoration: underline"" href=""https://huggingface.co/sentence-transformers/paraphrase-multilingual-mpnet-base-v2"">paraphrase-multilingual-mpnet-base-v2</a>",278,1.04,,69.95,69.79,39.52,39.99,39.0,36.64,37.74,85.73,86.96,81.21,84.76,82.51,61.27,66.59,59.76,62.37,64.8,,,,,,,,,,,,61.88,,,,,,,,,,,,,,,,,,,,,,,,,,,,,,,,,,,,,,,,,,,,,67.9,,,,,,,,,,,,,,,,,,,,,,,,,,,,,,,,,,other-cls,Classification
95,"<a target=""_blank"" style=""text-decoration: underline"" href=""https://huggingface.co/sentence-transformers/sentence-t5-xxl"">sentence-t5-xxl</a>",4865,18.12,,,,,,46.09,,,,,86.2,,,,,58.33,,,,,,,,,,,,,,65.91,,,,,,,,,,,,,,,,,,,,,,,,,,,,,,,,,,,,,,,,,,,,,68.53,,,,,,,,,,,,,,,,,,,,,,,,,,,,,,,,,,other-cls,Classification
96,"<a target=""_blank"" style=""text-decoration: underline"" href=""https://huggingface.co/sentosa/ZNV-Embedding"">ZNV-Embedding</a>",6061,22.58,,,,,,,,29.75,,,,,,,,,,,,,,,,,,,,,,,,,,,,,,,,,,,,,,,,,,,,,,,,,,,,,,,,,,,,,,,,,,,,,,,,,,,,,,,,,,,,,,,,,,,,,,,,,,,,,other-cls,Classification
97,"<a target=""_blank"" style=""text-decoration: underline"" href=""https://huggingface.co/shibing624/text2vec-base-chinese"">text2vec-base-chinese</a>",102,0.38,,,,,,,,34.12,,,,,,,,,,,,,,,,,,,,,,,,,,,,,,,,,,,,,,,,,,,,,,,,,,,,,,,,,,,,,,,,,,,,,,,,,,,,,,,,,,,,,,,,,,,,,,,,,,,,,other-cls,Classification
98,"<a target=""_blank"" style=""text-decoration: underline"" href=""https://huggingface.co/silk-road/luotuo-bert-medium"">luotuo-bert-medium</a>",328,1.22,,,,,,,,34.46,,,,,,,,,,,,,,,,,,,,,,,,,,,,,,,,,,,,,,,,,,,,,,,,,,,,,,,,,,,,,,,,,,,,,,,,,,,,,,,,,,,,,,,,,,,,,,,,,,,,,other-cls,Classification
99,"<a target=""_blank"" style=""text-decoration: underline"" href=""https://huggingface.co/spaces/mteb/leaderboard"">text2vec-base-multilingual</a>",,,,,,,,34.25,,,,,71.83,,,,,44.53,,,,,,,,,,,,,,51.93,,,,,,,,,,,,,,,,,,,,,,,,,,,,,,,,,,,,,,,,,,,,,58.31,,,,,,,,,,,,,,,,,,,,,,,,,,,,,,,,,,other-cls,Classification
100,"<a target=""_blank"" style=""text-decoration: underline"" href=""https://huggingface.co/thenlper/gte-base-zh"">gte-base-zh</a>",102,0.38,,,,,,,,45.82,,,,,,,,,,,,,,,,,,,,,,,,,,,,,,,,,,,,,,,,,,,,,,,,,,,,,,,,,,,,,,,,,,,,,,,,,,,,,,,,,,,,,,,,,,,,,,,,,,,,,other-cls,Classification
101,"<a target=""_blank"" style=""text-decoration: underline"" href=""https://huggingface.co/thenlper/gte-large-zh"">gte-large-zh</a>",326,1.21,,,,,,,,47.23,,,,,,,,,,,,,,,,,,,,,,,,,,,,,,,,,,,,,,,,,,,,,,,,,,,,,,,,,,,,,,,,,,,,,,,,,,,,,,,,,,,,,,,,,,,,,,,,,,,,,other-cls,Classification
102,"<a target=""_blank"" style=""text-decoration: underline"" href=""https://huggingface.co/thenlper/gte-small-zh"">gte-small-zh</a>",15,0.06,,,,,,,,38.69,,,,,,,,,,,,,,,,,,,,,,,,,,,,,,,,,,,,,,,,,,,,,,,,,,,,,,,,,,,,,,,,,,,,,,,,,,,,,,,,,,,,,,,,,,,,,,,,,,,,,other-cls,Classification
103,"<a target=""_blank"" style=""text-decoration: underline"" href=""https://huggingface.co/thtang/ALL_862873"">ALL_862873</a>",118,0.44,,,,,,,,21.96,,,,,,,,,,,,,,,,,,,,,,,,,,,,,,,,,,,,,,,,,,,,,,,,,,,,,,,,,,,,,,,,,,,,,,,,,,,,,,,,,,,,,,,,,,,,,,,,,,,,,other-cls,Classification
104,"<a target=""_blank"" style=""text-decoration: underline"" href=""https://huggingface.co/vprelovac/universal-sentence-encoder-multilingual-3"">universal-sentence-encoder-multilingual-3</a>",,,,,,,,33.51,,,,,85.5,,,,,53.98,,,,,,,,,,,,,,61.19,,,,,,,,,,,,,,,,,,,,,,,,,,,,,,,,,,,,,,,,,,,,,70.22,,,,,,,,,,,,,,,,,,,,,,,,,,,,,,,,,,other-cls,Classification
105,"<a target=""_blank"" style=""text-decoration: underline"" href=""https://huggingface.co/vprelovac/universal-sentence-encoder-multilingual-large-3"">universal-sentence-encoder-multilingual-large-3</a>",,,,,,,,35.09,,,,,88.19,,,,,63.64,,,,,,,,,,,,,,65.8,,,,,,,,,,,,,,,,,,,,,,,,,,,,,,,,,,,,,,,,,,,,,73.47,,,,,,,,,,,,,,,,,,,,,,,,,,,,,,,,,,other-cls,Classification
106,"<a target=""_blank"" style=""text-decoration: underline"" href=""https://huggingface.co/xlm-roberta-base"">xlm-roberta-base</a>",279,1.04,,,,,,26.75,,,,,43.83,,,,,19.38,,,,,,,,,,,,,,13.58,,,,,,,,,,,,,,,,,,,,,,,,,,,,,,,,,,,,,,,,,,,,,23.21,,,,,,,,,,,,,,,,,,,,,,,,,,,,,,,,,,other-cls,Classification
107,"<a target=""_blank"" style=""text-decoration: underline"" href=""https://huggingface.co/xlm-roberta-large"">xlm-roberta-large</a>",560,2.09,,,,,,26.62,,,,,36.77,,,,,15.37,,,,,,,,,,,,,,15.82,,,,,,,,,,,,,,,,,,,,,,,,,,,,,,,,,,,,,,,,,,,,,23.92,,,,,,,,,,,,,,,,,,,,,,,,,,,,,,,,,,other-cls,Classification
108,"<a target=""_blank"" style=""text-decoration: underline"" href=""https://openai.com/blog/new-and-improved-embedding-model"">text-embedding-ada-002</a>",,,,,,,,43.76,,38.3,,,89.38,,,,,64.45,,,,,,,,,,,,,,65.42,,,,,,,,,,,,,,,,,,,,,,,,,,,,,,,,,,,,,,,,,,,,,71.11,,,,,,,,,,,,,,,,,,,,,,,,,,,,,,,,,,other-cls,Classification
109,"<a target=""_blank"" style=""text-decoration: underline"" href=""https://platform.baichuan-ai.com/docs/text-Embedding"">Baichuan-text-embedding</a>",,,,,,,,,,48.3,,,,,,,,,,,,,,,,,,,,,,,,,,,,,,,,,,,,,,,,,,,,,,,,,,,,,,,,,,,,,,,,,,,,,,,,,,,,,,,,,,,,,,,,,,,,,,,,,,,,,other-cls,Classification
